{
    "MAE": 2.8951860279547317,
    "RMSE": 3.6715467106721977,
    "R2": 0.9305482519097932
}