{
    "MAE": 2.3470697018408004,
    "RMSE": 2.9841417595406776,
    "R2": 0.9541199411833426
}