{
    "MAE": 2.6176399950203098,
    "RMSE": 3.305002270182566,
    "R2": 0.9461568785405774
}