{
    "MAE": 2.5450152710209606,
    "RMSE": 3.209665396684035,
    "R2": 0.946923217767498
}