{
    "MAE": 2.4054456460452633,
    "RMSE": 3.04415791937753,
    "R2": 0.9522559317625768
}