{
    "MAE": 2.624009555087915,
    "RMSE": 3.3027117386818388,
    "R2": 0.9438012823652119
}