{
    "MAE": 2.268420879842353,
    "RMSE": 2.8892754671198566,
    "R2": 0.9564366702215237
}