{
    "MAE": 2.350546869912957,
    "RMSE": 2.9794135048096235,
    "R2": 0.9536761409252594
}