{
    "MAE": 2.6068580735022957,
    "RMSE": 3.2839186647883802,
    "R2": 0.9437233869479414
}