{
    "MAE": 2.838152025209914,
    "RMSE": 3.5988978872975923,
    "R2": 0.9324100357533994
}