{
    "MAE": 2.526847649453386,
    "RMSE": 3.185370010988299,
    "R2": 0.9470503685155994
}