{
    "MAE": 2.6614668819706147,
    "RMSE": 3.336533501410278,
    "R2": 0.9451246017792229
}