{
    "MAE": 2.6249024665036287,
    "RMSE": 3.2902713430421895,
    "R2": 0.9466357837973012
}