{
    "MAE": 2.692572278705996,
    "RMSE": 3.376792140523605,
    "R2": 0.943792358588611
}