{
    "MAE": 3.1231783764585743,
    "RMSE": 3.948630367476678,
    "R2": 0.9231436655613467
}